cache,num_banks,target_banks,bank,occupancy_pct,capacity_per_bank_lines,mean_capacity_normalized_delta_pct,ci95_capacity_normalized_delta_pct,mean_aggregate_raw_delta_misses,ci95_aggregate_raw_delta_misses,mean_aggregate_excess_miss_rate_pct,ci95_aggregate_excess_miss_rate_pct
scatter,1,0,0,1,131072,7.62939453125e-06,1.4953613281250001e-05,0.01,0.0196,0.0007633587786259542,0.00149618320610687
scatter,1,0,0,2,131072,2.288818359375e-05,2.5637462743806454e-05,0.03,0.033603535167561996,0.0011446012972148034,0.0012820883314598242
scatter,1,0,0,5,131072,0.00019073486328125,0.00015085200095143596,0.25,0.19772473468706614,0.003815046543567831,0.0030173162625830334
scatter,1,0,0,10,131072,0.00104522705078125,0.0006625209112320047,1.37,0.8683794087700131,0.010452429999237046,0.006625310206530961
scatter,1,0,0,15,131072,0.00415802001953125,0.0013661263061003936,5.45,1.790609071931908,0.027721261444557475,0.009107879307893734
scatter,1,0,0,20,131072,0.01277923583984375,0.0025545120513296576,16.75,3.3482500359188085,0.06389715419241628,0.012772755153424919
scatter,1,0,0,25,131072,0.02706146240234375,0.004821526700845972,35.47,6.319671477332832,0.108245849609375,0.019286106803383888
scatter,1,0,0,30,131072,0.03849029541015625,0.006590510204240491,50.45,8.638313534902094,0.12830294244805573,0.02196870256326669
scatter,1,0,0,35,131072,0.06806182861328125,0.008019299986588749,89.21,10.511056878421604,0.19446321525885557,0.022912385566041645
scatter,1,0,0,40,131072,0.10401153564453125,0.011194236258883246,136.33,14.672509349243446,0.26003280689707786,0.02798601767994859
scatter,2,0,0,1,65536,0.0,0.0,0.0,0.0,0.0,0.0
scatter,2,0,0,2,65536,1.52587890625e-05,7.946888713733696e-05,0.01,0.052080729874325125,0.0007633587786259542,0.003975628234681308
scatter,2,0,0,5,65536,0.000579833984375,0.00025779791686513203,0.38,0.16895044279673294,0.011599511599511598,0.005157217423587695
scatter,2,0,0,10,65536,0.0044708251953125,0.0009402453138788935,2.93,0.6161991689036717,0.04471234549061497,0.009403314037901293
scatter,2,0,0,15,65536,0.01239013671875,0.002399847527699576,8.12,1.572764075753194,0.08260427263479146,0.015999634544793424
scatter,2,0,0,20,65536,0.028045654296875,0.004126759426172189,18.38,2.704513057536206,0.1402304112306401,0.020634111982423178
scatter,2,0,0,25,65536,0.0593719482421875,0.006712418950921825,38.91,4.399050883676127,0.23748779296875,0.0268496758036873
scatter,2,0,0,30,65536,0.0956268310546875,0.009189465971887687,62.67,6.022408419336314,0.31876907426246187,0.030632799691435987
scatter,2,0,0,35,65536,0.15216064453125,0.012556940406732931,99.72,8.229316464956494,0.43475607097702407,0.03587791108234073
scatter,2,0,0,40,65536,0.20947265625,0.016580631619891394,137.28,10.866282738412023,0.5236896314946211,0.04145221156028086
scatter,2,"0,1",0,1,65536,0.0,0.0,0.0,0.0,0.0,0.0
scatter,2,"0,1",1,1,65536,0.0,0.0,0.0,0.0,0.0,0.0
scatter,2,"0,1",0,2,65536,-4.57763671875e-05,6.660384316605877e-05,-0.01,0.052080729874325146,-0.0003815337657382678,0.0019870556991348773
scatter,2,"0,1",1,2,65536,3.0517578125e-05,4.2081051102772187e-05,-0.01,0.052080729874325146,-0.0003815337657382678,0.0019870556991348773
scatter,2,"0,1",0,5,65536,-0.000152587890625,0.00021465629617735838,0.0,0.1909863816605728,0.0,0.0029144877408907796
scatter,2,"0,1",1,5,65536,0.000152587890625,0.00016186671103276954,0.0,0.1909863816605728,0.0,0.0029144877408907796
scatter,2,"0,1",0,10,65536,0.000732421875,0.0008258867801014064,1.54,0.769724373074577,0.011749446860456248,0.005872620531582947
scatter,2,"0,1",1,10,65536,0.001617431640625,0.0009398272316266443,1.54,0.769724373074577,0.011749446860456248,0.005872620531582947
scatter,2,"0,1",0,15,65536,0.0045928955078125,0.0017269535154146483,5.77,1.7018287352258465,0.029348931841302134,0.00865630078955161
scatter,2,"0,1",1,15,65536,0.00421142578125,0.001854900843069604,5.77,1.7018287352258465,0.029348931841302134,0.00865630078955161
scatter,2,"0,1",0,20,65536,0.01025390625,0.00318218705298084,14.72,3.0726348817859366,0.05615320057984283,0.011721350735431206
scatter,2,"0,1",1,20,65536,0.01220703125,0.0035233185454633755,14.72,3.0726348817859366,0.05615320057984283,0.011721350735431206
scatter,2,"0,1",0,25,65536,0.02276611328125,0.005512437409710289,32.5,5.5010299862017575,0.09918212890625,0.016787811237187984
scatter,2,"0,1",1,25,65536,0.026824951171875,0.005957407792115769,32.5,5.5010299862017575,0.09918212890625,0.016787811237187984
scatter,2,"0,1",0,30,65536,0.03863525390625,0.009571433955289673,54.46,8.934043471005621,0.13850105541568117,0.022720794158352084
scatter,2,"0,1",1,30,65536,0.044464111328125,0.008780097500164065,54.46,8.934043471005621,0.13850105541568117,0.022720794158352084
scatter,2,"0,1",0,35,65536,0.064208984375,0.011664064678919814,87.83,10.929448682464557,0.19145504087193457,0.023824411296925467
scatter,2,"0,1",1,35,65536,0.0698089599609375,0.011764075525692533,87.83,10.929448682464557,0.19145504087193457,0.023824411296925467
scatter,2,"0,1",0,40,65536,0.103668212890625,0.013571518110905956,132.33,14.140514791309133,0.2524032959487296,0.02697130310389321
scatter,2,"0,1",1,40,65536,0.0982513427734375,0.016425361160478533,132.33,14.140514791309133,0.2524032959487296,0.02697130310389321
scatter,4,0,0,1,32768,9.1552734375e-05,0.00015802564178281513,0.03,0.05178184229939285,0.009174311926605503,0.015835425779630843
scatter,4,0,0,2,32768,0.000274658203125,0.00031918029885674964,0.09,0.10458900032937972,0.013740458015267177,0.015967786309828962
scatter,4,0,0,5,32768,0.002349853515625,0.0008580146703475917,0.77,0.2811542471794988,0.047008547008547,0.017164483954792354
scatter,4,0,0,10,32768,0.011871337890625,0.001971752002609114,3.89,0.6461036962149544,0.11874236874236871,0.019722335049296533
scatter,4,0,0,15,32768,0.04034423828125,0.004042159788693406,13.22,1.3245349195590552,0.26897253306205493,0.02694882847526054
scatter,4,0,0,20,32768,0.07611083984375,0.007217310246656269,24.94,2.3649682216243266,0.3805890431863269,0.03608985535822259
scatter,4,0,0,25,32768,0.14111328125,0.009672523692039251,46.24,3.1694925634074216,0.564453125,0.038690094768157005
scatter,4,0,0,30,32768,0.2125244140625,0.014698652980238794,69.64,4.816454608564648,0.708443540183113,0.04899750364765664
scatter,4,0,0,35,32768,0.338653564453125,0.019492993385531267,110.97,6.387464072570884,0.9676491105685385,0.05569815201055881
scatter,4,0,0,40,32768,0.46942138671875,0.025471134981876732,153.82,8.346381510861367,1.1735713740749216,0.06367880911620788
scatter,4,"0,1,2,3",0,1,32768,0.0,0.0,0.0,0.0,0.0,0.0
scatter,4,"0,1,2,3",1,1,32768,0.0,0.0,0.0,0.0,0.0,0.0
scatter,4,"0,1,2,3",2,1,32768,0.0,0.0,0.0,0.0,0.0,0.0
scatter,4,"0,1,2,3",3,1,32768,0.0,0.0,0.0,0.0,0.0,0.0
scatter,4,"0,1,2,3",0,2,32768,0.0,0.0,0.01,0.0196,0.0003815337657382678,0.0007478061808470049
scatter,4,"0,1,2,3",1,2,32768,0.0,0.0,0.01,0.0196,0.0003815337657382678,0.0007478061808470049
scatter,4,"0,1,2,3",2,2,32768,3.0517578125e-05,5.9814453125000006e-05,0.01,0.0196,0.0003815337657382678,0.0007478061808470049
scatter,4,"0,1,2,3",3,2,32768,0.0,0.0,0.01,0.0196,0.0003815337657382678,0.0007478061808470049
scatter,4,"0,1,2,3",0,5,32768,0.00018310546875,0.00034867156628011237,0.25,0.1725749141969974,0.0038150465435678317,0.0026335253196550805
scatter,4,"0,1,2,3",1,5,32768,0.0001220703125,0.00023925781250000002,0.25,0.1725749141969974,0.0038150465435678317,0.0026335253196550805
scatter,4,"0,1,2,3",2,5,32768,0.000213623046875,0.00022899302033019871,0.25,0.1725749141969974,0.0038150465435678317,0.0026335253196550805
scatter,4,"0,1,2,3",3,5,32768,0.000244140625,0.00025047443147375423,0.25,0.1725749141969974,0.0038150465435678317,0.0026335253196550805
scatter,4,"0,1,2,3",0,10,32768,0.0013427734375,0.0010764587419453194,1.84,0.7678568300895365,0.014038300144960705,0.005858372091932071
scatter,4,"0,1,2,3",1,10,32768,0.002166748046875,0.001169696278886513,1.84,0.7678568300895365,0.014038300144960705,0.005858372091932071
scatter,4,"0,1,2,3",2,10,32768,0.001007080078125,0.0011934308673572905,1.84,0.7678568300895365,0.014038300144960705,0.005858372091932071
scatter,4,"0,1,2,3",3,10,32768,0.0010986328125,0.0011036446494983793,1.84,0.7678568300895365,0.014038300144960705,0.005858372091932071
scatter,4,"0,1,2,3",0,15,32768,0.0067138671875,0.0029413764580904986,5.16,1.7715116384750413,0.026246185147507633,0.009010740785732661
scatter,4,"0,1,2,3",1,15,32768,0.0006103515625,0.002994948974820315,5.16,1.7715116384750413,0.026246185147507633,0.009010740785732661
scatter,4,"0,1,2,3",2,15,32768,0.0048828125,0.0028817981038908843,5.16,1.7715116384750413,0.026246185147507633,0.009010740785732661
scatter,4,"0,1,2,3",3,15,32768,0.0035400390625,0.0025072247456744386,5.16,1.7715116384750413,0.026246185147507633,0.009010740785732661
scatter,4,"0,1,2,3",0,20,32768,0.012603759765625,0.005762752800021467,12.86,3.611808110164003,0.04905775539787898,0.013778164759914557
scatter,4,"0,1,2,3",1,20,32768,0.00970458984375,0.004945874554787411,12.86,3.611808110164003,0.04905775539787898,0.013778164759914557
scatter,4,"0,1,2,3",2,20,32768,0.011962890625,0.005995132599695451,12.86,3.611808110164003,0.04905775539787898,0.013778164759914557
scatter,4,"0,1,2,3",3,20,32768,0.004974365234375,0.0049233728756187065,12.86,3.611808110164003,0.04905775539787898,0.013778164759914557
scatter,4,"0,1,2,3",0,25,32768,0.02862548828125,0.007875296625658236,37.24,5.725127944263063,0.1136474609375,0.01747170393146687
scatter,4,"0,1,2,3",1,25,32768,0.029693603515625,0.007989682145415912,37.24,5.725127944263063,0.1136474609375,0.01747170393146687
scatter,4,"0,1,2,3",2,25,32768,0.024627685546875,0.009147977590486708,37.24,5.725127944263063,0.1136474609375,0.01747170393146687
scatter,4,"0,1,2,3",3,25,32768,0.03070068359375,0.009891493364287327,37.24,5.725127944263063,0.1136474609375,0.01747170393146687
scatter,4,"0,1,2,3",0,30,32768,0.049530029296875,0.011745478765613134,60.6,7.471823673648958,0.15411612115663387,0.019002120174077354
scatter,4,"0,1,2,3",1,30,32768,0.0399169921875,0.012773913095152958,60.6,7.471823673648958,0.15411612115663387,0.019002120174077354
scatter,4,"0,1,2,3",2,30,32768,0.0467529296875,0.011022645582468219,60.6,7.471823673648958,0.15411612115663387,0.019002120174077354
scatter,4,"0,1,2,3",3,30,32768,0.048736572265625,0.011532350094139715,60.6,7.471823673648958,0.15411612115663387,0.019002120174077354
scatter,4,"0,1,2,3",0,35,32768,0.057830810546875,0.016092486489053988,92.44,10.853499430193569,0.20150408719346052,0.0236588543437462
scatter,4,"0,1,2,3",1,35,32768,0.07598876953125,0.01614855965150094,92.44,10.853499430193569,0.20150408719346052,0.0236588543437462
scatter,4,"0,1,2,3",2,35,32768,0.0804443359375,0.01803143352391575,92.44,10.853499430193569,0.20150408719346052,0.0236588543437462
scatter,4,"0,1,2,3",3,35,32768,0.067840576171875,0.016322926344103938,92.44,10.853499430193569,0.20150408719346052,0.0236588543437462
scatter,4,"0,1,2,3",0,40,32768,0.095458984375,0.021459076128676306,123.08,12.921794048502676,0.23476005188067448,0.02464674229133798
scatter,4,"0,1,2,3",1,40,32768,0.09356689453125,0.021199867973015128,123.08,12.921794048502676,0.23476005188067448,0.02464674229133798
scatter,4,"0,1,2,3",2,40,32768,0.089080810546875,0.020339525224010176,123.08,12.921794048502676,0.23476005188067448,0.02464674229133798
scatter,4,"0,1,2,3",3,40,32768,0.097503662109375,0.02138455952164475,123.08,12.921794048502676,0.23476005188067448,0.02464674229133798
